Test,Hat
133.66,135.97845
130.4,129.81618
126.51,137.20688
124.13,122.10292
128.34,125.2789
145.72,129.35143
139.43,135.66708
136.28,133.88887
124.99999999999999,128.33777
113.3,123.97736
110.95,121.28188
131.7,128.53818
139.04,143.66821
135.06,137.57051
128.27,129.54114
133.87,134.72562
141.9,133.65039
120.18,124.70709
125.88,134.70634
116.52,124.88488
138.74,136.97
140.15,133.62883
121.67,131.96419
143.79,140.93901
142.63,127.56565
122.34,135.21443
141.57,132.52745
120.71,125.30083
135.07,136.59073
118.27,130.99306
125.6,133.91045
117.1,128.1059
148.58,131.12802
128.53,126.47169
156.82,131.73882
133.49,131.244
129.18,145.57579
137.57,134.16934
119.81,127.23972
115.4,125.35893
138.23,133.48111
114.5,121.77895
125.83,125.51541
138.14,134.62746
118.5,135.80244
141.42,130.84729
124.96,139.2777
139.12,136.3407
130.6575,128.81578
148.13,126.313385
152.39,136.96187
134.03,135.28493
127.22,128.60228
127.64,140.67197
130.84,130.64719
133.14,120.40442
133.32,132.29266
117.08,130.75368
139.57,134.49393
113.11000000000001,126.65923
153.88,135.81522
108.35,118.12091
137.88,127.277336
137.72,128.08768
166.4,162.99004
119.63,128.16223
140.54,132.75081
136.53,134.84645
122.7,134.39343
141.35,137.19118
146.39,133.5427
139.41,141.7123
137.74,135.7091
134.27,130.04697
134.87,133.26976
186.07,132.08865
121.26,123.26613
122.73000000000002,126.41822
120.15,127.69641
118.14,124.03115
187.53,140.63924
142.83,130.31548
122.84,122.39262
135.14,134.06288
137.16,140.38747
173.49,151.76378
124.06999999999998,125.669014
140.09,125.679405
130.09,124.373764
129.0,126.04269
145.77,128.01648
123.21,128.62585
127.5387879,128.96307
131.75,124.65175
143.87,129.69635
134.42,133.06729
154.44,142.80087
140.42,132.06851
128.58,129.4167
149.89,140.71707
123.22,125.43513
155.36000000000004,134.924
135.28,131.8316
137.76,131.74498
124.09,142.55724
127.98,129.50255
124.7,126.1483
123.55,126.74646
128.78,139.85887
135.18,150.44934
116.78,123.04218
132.67,129.45378
129.41,131.6765
132.51,127.635056
116.59,123.04738
126.68999999999998,127.96255
137.95,129.98198
130.51,135.38419
136.49,132.88107
155.82,133.44232
120.23,135.10234
135.54,135.99408
176.60000000000002,132.23988
131.35,145.81648
127.05,127.28255
127.43,123.66341
131.11,128.17722
130.82,132.94604
133.06,134.10472
150.01,136.70961
138.56,133.54024
136.57,132.9616
112.61,123.428734
133.11,126.43464
119.76,123.4979
119.33,126.64504
136.13,131.47675
133.46,140.31091
141.96,138.01758
129.35,127.94712
117.08,122.9016
152.85,126.752235
117.88,124.55069
121.74,136.47629
151.26,138.64403
147.96,144.15016
135.92,132.82588
129.08,140.19095
120.63,140.57848
139.92,131.01546
134.24,140.01093
134.01,121.019264
152.13000000000002,141.28136
119.7,122.96663
127.52,144.08069
120.23,122.501625
131.34,133.90549
141.82,123.42843
131.14,131.8798
141.86,126.13385
133.41,135.55809
129.96,123.12177
131.13,131.71622
146.99,130.22043
148.28,124.68371
121.53,124.5479
132.72,123.27241
129.82,126.15835
147.15,136.67046
161.11,150.81355
149.83,128.02689
128.97,127.77753
136.08,134.16624
151.34,125.8957
142.38,138.3432
127.57,126.3825
148.53,149.56395
135.48,133.06012
149.39,140.02663
138.81,129.17612
122.82,134.25272
135.28,132.17343
124.29,138.59746
122.37999999999998,125.965294
124.48999999999998,126.12024
116.41,136.76035
141.31,135.00511
125.95,136.20085
132.69,127.37142
124.33000000000001,128.54616
132.24,141.26135
123.07,126.577446
133.21,133.8412
132.06,122.25623
131.15,128.99779
133.34,127.260056
131.18,127.848755
122.25,126.88929
150.75,130.45616
170.23,144.46368
125.52,127.92935
127.56,134.39478
129.12,128.04463
159.39,142.64238
146.37,138.4918
117.9,128.822
129.36,129.50777
125.13,127.560425
134.45,128.83879
141.17,135.12347
137.81,131.7992
143.68,138.19284
137.2,133.76357
134.4,132.92976
137.58,136.0389
142.94,139.64992
137.2,131.71704
159.97,148.87257
132.9,135.60266
140.57,138.80812
124.19,136.12059
140.35,127.033615
139.79,134.52563
135.78,138.27112
120.72,123.55904
133.19,129.74722
129.93,127.19812
129.39,143.98563
126.61000000000001,131.61041
132.39,134.49467
128.03,135.73694
127.15,127.99088
112.1,120.999985
120.86,124.63393
121.76,132.48766
132.35,128.43411
115.97500000000001,128.34727
115.08,138.29681
109.69,126.27904
106.85,129.14485
142.16,127.19044
134.51,131.94102
133.42,126.5049
142.71,148.82404
121.63000000000001,136.77615
138.46,128.83592
129.17,122.61347
146.19,131.19379
128.92,127.25382
147.77,135.3029
127.61999999999999,134.72311
119.22,129.38383
136.98,131.01851
134.23,131.61635
123.4,131.79448
126.96,129.8135
141.57,126.80908
138.47,130.64941
115.08,128.76721
143.31,140.41476
156.38,134.57094
145.33,137.49394
128.16,128.25787
157.34,141.47212
132.54,129.90228
130.98,124.01135
165.19,147.3452
130.74,124.15271
116.874,127.34702
146.94,139.18059
116.47999999999999,141.9356
141.7,130.76692
127.08,130.99413
146.28,132.76245
136.77,137.38452
133.21,145.60397
129.41,127.833046
127.94,123.59122
132.96,130.95581
151.92,122.710045
122.65000000000002,129.0712
125.33999999999999,130.863
135.37,142.94559
116.27,124.75399
116.49,126.71504
125.67,130.88069
120.83,122.64219
144.81,153.23486
140.12,130.14084
128.7,130.68307
158.18,128.198
128.8,129.5644
117.24000000000001,126.562706
149.8133333,139.84811
146.09,140.87788
124.79,139.56998
114.93,119.78899
147.9,142.2178
135.05,132.79779
144.055,136.47589
166.41,144.13512
153.0,147.25108
135.9,127.40883
138.82,126.16805
134.44,137.14217
121.73,127.91403
140.11,137.61722
151.64,131.77547
132.13,133.33653
111.04,123.26425
145.49,137.20195
123.87,141.73001
134.52,141.01076
162.81,127.76338
153.34,128.59464
134.78,133.38594
125.1,123.09483
150.17,134.34181
136.66,138.42465
138.52,127.4094
116.49,121.81001
129.24,128.6668
127.25,133.46318
134.59,135.09468
128.91,142.62643
133.76,134.5902
127.61,128.94014
113.07,124.32065
128.29,128.49551
124.81,137.74281
122.85,130.71736
222.67000000000002,151.89929
112.81,120.81345
148.47,123.09862
121.12,127.03217
126.31,124.39909
121.38,126.55831
124.06999999999998,131.01878
133.51,122.78536
126.03,125.87678
148.97,139.53302
145.47,138.95381
144.68,147.77512
133.26,141.97607
121.13,123.99102
148.44,126.75348
118.83,125.63938
130.67,127.57577
150.66,149.17773
124.53,132.78995
126.89,134.06226
159.62,138.30812
137.58,129.81544
135.34,136.5567
136.09,130.08571
122.29999999999998,128.89561
117.7,126.8291
137.81,131.44318
130.8,122.64944
128.48,128.22966
143.64,132.90839
123.56,129.1644
128.08,137.8276
142.88,144.0458
116.09,123.63875
133.64,133.54529
133.74,130.26726
149.92,128.5422
137.24,132.7285
119.8,123.01138
125.95,135.94147
128.82,142.97559
146.55,141.1285
128.31,124.1008
145.57,140.23804
136.85,127.21457
147.01,136.88176
165.99000000000004,141.01025
160.73000000000002,143.31996
131.92,140.48164
144.55,141.51546
118.61,134.07584
135.16,127.97673
140.21,135.45056
158.83,136.91177
138.34,132.70186
109.41,122.380745
127.46,139.50865
129.6,145.13193
159.46,128.67549
135.32,134.2939
130.93,134.03033
140.63,134.26816
133.69,130.20963
143.19,135.11894
132.42,130.65039
124.39,125.06044
136.39,134.5191
178.26,132.91574
121.6,135.94514
175.02,155.48404
123.85,126.00814
137.95,131.03569
146.42,132.95064
115.02,122.90772
131.86,129.26157
149.98,135.38622
128.89,123.53283
115.68,124.22694
144.22,137.17528
129.49,132.72136
112.36,120.92739
159.37,133.5001
115.85,126.79257
123.65,133.265
132.61,132.08998
167.24,146.54964
136.19,143.66779
150.75,148.95857
147.88,125.453445
132.88,134.27249
134.26,127.951454
130.6,130.34105
139.62,135.65872
123.97,126.48693
143.29,135.29912
140.36,140.39067
165.84,130.79187
132.61,128.12138
129.95,123.94424
147.31,138.22026
153.3,138.03755
144.36,136.69096
128.01,126.918724
137.5,129.63678
132.33,130.12788
141.42,144.27354
107.44,122.40648
134.84,137.53413
155.83999999999997,141.93211
137.24,127.15416
141.72,136.37166
160.39999999999998,133.21165
147.58,133.26721
112.13,127.30223
132.17,139.55208
130.71,127.356476
126.61000000000001,126.170784
131.09,134.10405
140.33,135.85362
141.29,127.61799
140.4,134.26955
128.7,135.38803
129.42,124.245995
158.14,139.49944
120.18,122.263626
144.42,132.23244
145.5,146.51202
133.57,137.10263
132.13,137.1163
133.12,131.89368
133.26,121.60317
145.54,125.77779
114.01,128.81181
130.97,134.84702
142.41,133.27586
154.05,140.24963
112.24,126.71038
164.41,144.9259
142.2,136.71474
156.34,149.24557
125.63,123.57076
154.4,132.08743
135.39,130.81343
170.16999999999996,131.17728
125.82,144.2775
136.27,128.93349
132.28,146.78885
140.48,139.31474
130.79,145.34518
132.06,129.17288
168.87,129.71529
109.58,122.283966
125.27,127.12378
127.48,135.54797
127.55,133.8027
116.98,126.422714
122.63999999999999,128.91074
124.76000000000002,120.228836
124.72,126.01003
131.63,131.92642
131.49,131.20186
156.07,135.8662
126.12,127.6121
127.26,136.81279
127.09,124.78879
133.95,128.76042
148.35,134.96236
140.79,136.88794
142.67,130.49263
146.72,124.52324
109.36,122.044304
127.19999999999999,124.71134
137.05,130.88191
132.92,133.87054
118.92999999999999,131.97586
139.54,136.92236
120.34,130.85362
131.39,131.53513
160.09,123.8514
149.27,129.85675
122.87,131.40714
211.4525,131.45076
156.85999999999999,150.87198
137.82,132.61824
121.98,134.62398
148.76,125.14225
125.8,136.95207
124.82999999999998,127.19076
130.165,136.99443
151.48,147.26672
144.32,137.89597
157.21000000000004,149.58109
137.61,136.10155
131.91,133.46822
118.07999999999998,125.247154
143.21,139.34586
134.42,132.55272
149.39,141.11464
177.87,140.508
140.61,118.8905
175.77000000000004,130.21628
131.45,130.69351
125.67,125.589745
135.41,139.50993
126.42,129.50282
122.39000000000001,120.42227
137.25,139.1339
161.66,144.78654
126.34,124.05721
134.55,126.01147
132.89,136.3771
134.11,132.8163
142.4869231,127.04158
118.7766667,128.38199
144.35,129.01363
125.9,133.83337
144.96,134.31088
129.85,124.98322
117.92000000000002,135.61986
133.93,136.36697
133.02,135.60207
119.29,126.47696
139.24,134.1231
136.92,140.78444
121.16,126.52582
136.01,134.16695
144.65,144.48444
122.1,132.60263
141.0563636,130.0569
130.16,127.67875
125.02,123.40301
123.43,127.01467
113.04,124.657585
146.5,129.90591
191.41,160.06105
136.63,134.0116
125.86,138.61938
131.6,127.532524
125.21,126.40592
117.6,124.846886
145.39,149.27705
123.37,125.89156
118.07999999999998,124.250336
136.15,143.75296
129.66,129.68456
140.7,127.82919
134.12,130.8734
119.51,123.40602
142.73,129.84575
153.55,143.18092
118.09000000000002,124.81882
120.16,139.85808
112.74,125.68872
119.08,125.52287
127.01999999999998,136.93895
111.07999999999998,125.938934
120.59,125.0111
122.11,126.69015
143.41,140.4748
120.29000000000002,127.89158
133.65,131.915
142.17,137.64154
118.61,128.72356
125.24,126.184074
134.28,139.84323
136.21,133.50325
118.62,126.92148
115.56000000000002,125.01784
120.39,125.78993
127.46,130.91241
106.44000000000001,124.47977
119.23,125.73563
135.12,130.0202
143.84,142.63988
148.04,134.51935
126.53000000000002,127.89395
133.57,135.949
147.34,135.18402
133.79,124.39587
133.06,139.1227
109.92,122.63901
120.4,129.39001
139.75,141.38286
146.21,141.38322
114.35,124.300095
135.2,139.13972
114.44,124.1235
124.48,124.731026
117.09,122.26351
126.31,124.507645
123.76,124.761406
109.54,124.190346
126.62,126.74559
165.42,144.99983
108.95,123.50406
150.74,129.75551
117.82999999999998,135.76855
170.45,165.1938
133.5,146.91794
133.76,132.6549
148.24,134.40999
136.5,126.197655
133.25,131.66785
124.68,136.54262
144.24,136.4266
125.66,139.28844
137.71,126.70649
129.58,134.7683
130.66,129.99985
138.93,123.96566
152.73,144.99432
175.31,144.38484
122.67,130.4876
134.53,132.24951
126.48,139.04094
126.29,132.14525
120.78999999999999,133.76872
134.81,128.83769
132.29,144.94072
119.95000000000002,146.52805
133.09,136.7306
143.65,131.62495
125.56,124.672714
152.75,146.31648
136.4,124.01164
122.54,123.07058
120.78999999999999,133.51518
112.4,120.60245
131.51,123.89823
134.77,131.84651
157.65,134.18365
130.62,134.166
131.19,136.84839
112.37,124.852394
119.46,124.03362
129.01,128.05817
118.36,122.91659
150.06,142.3902
143.56,146.80809
122.96,131.97015
125.82,128.32861
132.82,134.69815
128.92,129.82196
137.94,127.92289
143.09,130.51813
135.93,132.69159
138.34,132.46935
132.99,136.34251
125.93,129.56686
136.93,126.602554
120.55,136.34013
178.72,147.88646
122.75,122.38826
128.51,130.8518
133.22,135.34537
137.47,139.31042
127.49,126.96532
136.66,128.85536
114.21,124.220245
115.62,128.29317
149.31,145.02861
123.98,128.87396
108.61,122.811806
137.44,128.18129
148.42,135.70271
136.92,141.5974
146.79,129.79478
110.09,125.06585
142.46,132.22932
147.97,130.63947
134.08,132.46024
123.46,128.507
130.335,123.784775
134.3,136.43916
150.99,151.89856
114.51,122.14776
122.0,123.6412
127.4,124.19659
143.37,131.7495
132.98,133.03517
139.36,140.94498
131.25,130.67299
133.38,142.55052
125.03,124.17628
144.12,141.92082
133.35,129.00333
136.43,128.28859
132.52,136.29149
120.66,126.14298
159.45,141.56366
137.07,129.83803
147.42,139.1683
166.35,131.0026
117.1,124.370224
143.05,135.62923
130.65,128.00516
129.06,122.96581
123.58,137.37784
125.29,133.07259
107.32,119.99977
106.04,119.52241
122.37,128.91988
143.29,136.468
140.63,139.73012
136.785,123.35114
135.55,122.74028
134.22,134.26482
124.84000000000002,122.4346
121.47,128.51144
122.56000000000002,122.00625
121.67,131.66284
110.28,122.4079
122.46,136.32071
131.48,137.98415
133.69,138.15965
125.39,129.56264
125.22,124.02603
119.22,132.36281
128.0,130.60344
129.98,128.32097
179.53,141.28557
124.97,137.31047
142.77,140.93784
114.94,126.053535
116.17,129.52675
132.59,140.01859
122.88999999999999,134.98732
134.22,135.4621
142.19,136.83362
137.68,132.1265
137.12,130.72617
131.28,140.77625
112.23,123.72337
124.08000000000001,126.228035
132.81,130.88057
142.79,123.04449
123.38,127.119026
122.58,126.48222
125.56,124.22502
108.41,123.925156
127.96,135.35173
127.77,130.65398
125.52,126.818474
145.0,143.53984
128.63,127.67693
135.39,134.82726
123.11,124.48431
136.98,131.00482
114.23,123.86851
136.48,134.59564
134.53,125.34604
115.83,126.678024
113.81,124.12504
153.66000000000003,136.39427
147.39,139.2272
134.49,127.795845
157.79,130.28531
127.14,120.691826
132.13,131.89896
143.5,144.2245
128.7,134.09218
128.13,123.99292
134.44,130.38481
114.68,126.894005
135.9,129.68344
135.96,122.81545
118.05,124.91291
110.87,123.03431
118.41,124.92736
116.385,126.8864
117.88,129.31989
123.74000000000001,122.812706
146.49,148.71179
126.24,131.80415
124.28,140.25017
147.42,129.86539
140.84,128.51141
133.86,134.20854
139.89,137.88644
139.46,139.14265
135.79,139.4318
126.28,123.3787
142.9,133.35558
129.41,127.41269
126.25,130.80579
139.04,134.93324
114.32,126.827866
146.79,141.06915
138.14,140.13979
142.59,140.86172
123.82000000000001,123.61111
145.17,125.40281
124.63,128.83813
127.64,127.85753
144.01,133.6262
142.02,147.87935
123.51,132.5886
144.94,136.35997
160.13,146.38916
127.05,127.22551
117.35,123.08526
134.96,127.596146
119.36,127.32732
136.78,134.15987
113.46,123.618835
141.89,132.57211
121.15,128.99622
127.36999999999999,128.08005
111.36,123.56648
112.27,125.41614
146.84,128.79013
127.15,135.44597
132.38,144.68634
145.2,135.48376
126.68999999999998,133.74696
122.12999999999998,128.28258
137.15,141.34636
122.35,128.0086
146.27,133.8445
122.04,121.94071
142.69,138.03682
139.98,133.6241
137.76,139.88167
134.38,126.94365
136.71,147.7936
141.39,140.05684
146.62,130.46072
138.81,129.4307
143.05,129.77129
149.19,132.16994
124.82,125.6077
137.61,135.82607
153.3,141.69829
126.78000000000002,130.75919
132.76,133.464
153.67,146.13702
123.37,126.269775
138.75,137.49622
115.25,119.99746
113.15,123.946465
142.08,142.89749
120.81,130.73976
126.39,136.89633
136.29,130.47476
109.40000000000002,122.03041
151.29000000000002,140.70071
157.76,140.78265
167.8,134.3075
126.56,125.282135
153.54,126.22153
166.4,141.1865
136.46,141.99149
130.48,126.80041
121.5,129.00778
108.41,121.47819
147.14,135.81535
126.01,135.56107
121.62,136.8278
148.28,124.979065
128.59,135.28241
151.55,131.08589
124.10515150000002,126.60099
153.12999999999997,143.50426
136.35,127.527534
130.05,134.25304
206.95,150.82281
168.52000000000004,145.9673
126.0,132.5477
116.30999999999999,126.78704
126.41,131.31645
144.98,137.4331
165.73,151.01535
149.42,141.81291
141.32,125.42852
123.98,122.260635
139.83,139.32677
141.32,140.67659
110.695,124.50534
141.52,130.72858
119.55,127.34408
134.08,123.95664
146.65,129.13824
135.08,133.22781
143.36,138.40533
140.25,138.72195
139.44,128.05716
122.46999999999998,128.36633
134.16,133.13037
125.19,133.05275
141.22,123.87917
110.47,124.91333
129.98,131.37952
117.46,125.33966
134.66,132.39839
144.05,134.82355
139.15,135.0988
116.54,132.13608
132.57,126.72458
119.69000000000001,127.079605
135.32,136.35689
202.95,150.81364
123.8,128.5249
125.95,145.32579
129.72,133.07414
130.21,127.24519
137.47,132.13257
160.0,143.07736
113.74,129.36934
130.48,133.98251
126.03,128.2204
130.94,130.18411
122.78,125.421684
137.47,133.36012
117.48999999999998,134.80777
128.3,131.76157
135.35,130.35751
139.74,131.66576
139.72,137.26485
156.81,144.8536
124.19,129.78537
130.69,126.7984
120.01,122.5595
139.08,157.71022
131.02,133.23654
132.49,127.11987
126.17,136.5751
157.86,140.47255
128.39,130.20755
119.68,125.50765
152.11,129.28012
127.25,135.536
131.88,130.78664
144.19,144.70918
118.52,125.63252
125.82,125.44415
117.95,135.64352
133.17,123.56937
139.28,138.33034
133.56,133.2045
139.85,147.90962
136.67,131.54303
132.84,132.53572
122.01,124.17578
139.97,130.74461
123.48,122.96757
130.81,134.03993
141.64,142.99547
148.16,132.792
110.16,122.52744
134.06,131.95158
137.63,144.39209
148.78,139.0702
135.99,133.68434
137.64,132.12898
183.74,162.509
132.44,130.04729
145.5,130.50038
115.20999999999998,128.59566
138.87,131.43547
214.1,126.60245
154.99999999999997,140.60625
138.86,138.6087
141.66,135.86884
134.74,131.42113
157.0,148.2529
121.37,129.96294
120.06,134.36566
127.16,129.8883
129.95,138.17596
155.85000000000002,139.24101
131.46,135.41696
120.41,124.3643
110.24000000000001,124.22303
127.78999999999999,141.89664
134.22,128.90468
131.68,127.57242
117.73,122.70053
136.8,135.06174
143.38,134.44058
136.26,135.81029
114.41,123.52666
118.56,124.0949
151.99,140.25989
134.12,134.53564
123.08,122.349686
125.33,123.481995
127.44999999999999,125.136154
120.59,127.97686
131.99,137.28041
102.09,123.42428
112.21,129.07272
133.08,137.0657
123.8,128.9088
155.59,124.47002
136.4,136.757
137.76,137.90138
177.4,138.52505
132.32,120.53852
135.42,129.72084
155.99,140.05185
139.86,133.69008
129.68,137.10754
138.7,131.8864
144.98,128.80795
126.93999999999998,126.43663
116.19,122.95908
144.44,126.22272
129.85,134.57072
108.35,122.531906
133.89,134.84883
118.6,125.32034
120.18,142.00784
134.6,128.36096
122.99,124.323875
124.82999999999998,122.6346
158.85,140.89888
151.67,132.87894
126.24,133.80278
147.22,138.75629
115.92,123.42992
151.66,133.20712
137.51,134.47673
154.52,135.06084
131.92,125.72813
129.25,128.31285
121.7,128.3226
133.81,128.11388
148.44,138.82304
132.39,130.47371
135.15,128.96036
112.53,124.7758
127.7,127.97934
137.19,134.99478
114.59,125.414894
126.88,124.74809
121.03999999999999,129.82236
144.94,138.85165
145.45,122.80638
125.4,126.14385
116.2,125.79671
145.35,134.327
129.44,127.55889
142.05,131.6262
116.8,125.07648
128.64,131.8699
152.43,151.75859
119.2,130.19415
128.74,128.95512
138.34,129.79839
149.08,130.43188
122.15,134.87505
142.2,130.33244
116.5272414,125.10695
138.99,127.80312
144.08,138.19339
139.9,141.46808
140.51,142.90356
123.32,124.05444
133.17,137.57568
123.05999999999999,133.46667
153.82000000000002,141.21062
137.95,136.15497
163.32,142.7199
170.84999999999997,153.06535
124.13,128.08066
129.46,125.91703
159.23,151.43973
126.93999999999998,120.03009
125.67999999999999,128.0691
151.66,134.36627
119.59,127.71334
121.95,124.33912
143.95,126.6757
164.87,157.48946
121.63000000000001,126.76828
121.58,126.40926
120.25,124.26446
134.34,133.43295
139.79,126.60702
148.48,156.36517
123.74000000000001,128.90733
130.69,122.19718
106.48,123.10573
135.27,136.10367
141.26,134.38802
139.17,140.15614
138.29,143.9741
139.27,136.29877
159.02,137.34885
121.31,122.52776
154.28,138.97362
150.74,127.05563
121.45,129.01357
124.82,123.396355
157.37000000000003,144.69606
151.61999999999998,135.01097
117.46,125.425934
137.67,136.8209
132.19,118.02913
139.91,138.57138
140.41,129.15404
129.42,132.61955
131.45,134.13416
138.43,132.09598
129.87,131.22594
116.22,125.21979
119.09,124.27858
145.38,148.19992
135.94,132.08577
179.81000000000003,157.62901
135.11,132.03151
137.71,133.25714
121.14,127.267334
121.73,128.18474
141.58,130.48593
144.79,128.16823
123.24,124.99406
118.23,125.4449
121.26,125.09967
138.14,135.92789
136.32,138.40657
132.5,128.19174
149.55,133.6175
114.57,137.04944
175.94,129.6403
155.01,134.90067
134.75,126.92914
157.38,145.03336
176.19,140.96294
118.73,128.01967
168.15,147.85841
166.16,150.44833
133.75,136.06026
133.87,141.47777
116.8,137.12993
137.36,125.73637
145.04,142.20276
135.99,137.4254
141.43,130.67424
134.86,136.80507
116.69,125.60734
132.78,128.76396
131.91,132.73964
127.21,130.83969
119.08,125.98663
131.49,132.90604
114.13,121.54201
147.05,136.99109
122.87,133.83034
116.97,129.35745
155.66,151.1966
128.56,128.6036
131.22,134.87169
120.51,132.90254
128.57,127.17784
119.99,123.8938
139.58,141.36092
113.57,125.23012
152.74,148.96045
166.74,147.57065
140.41,140.46492
131.37,142.57668
131.42,131.37416
129.41,144.77745
130.02,132.92023
132.19,134.02396
120.23,125.854324
125.44,129.26027
146.61,137.01913
141.28,132.43126
114.0,127.83985
134.07,127.556915
129.97,129.11449
128.34,128.06499
133.59,129.93697
136.08,138.57915
122.26,130.55739
134.65,138.04233
135.51,127.46976
146.47,136.49936
130.34,128.0045
133.42,139.07072
124.82,128.70038
128.17,132.96112
123.2,136.91837
115.65,122.26662
142.63,136.93971
138.87,137.52818
125.285,124.702545
124.06999999999998,126.46059
135.81,139.67744
124.26,119.45463
137.11,131.37668
162.34,140.99336
137.76,133.89465
135.87,125.559326
142.78,136.43158
144.59,128.76207
129.08,133.83322
168.38,129.36717
145.2,126.03867
139.77,126.75146
134.43,122.86882
141.37,144.31444
141.47,131.77408
113.25,123.32104
145.3645455,136.06244
149.42,130.12738
120.44999999999999,131.57117
128.32,123.03457
133.9,140.3049
132.75,131.02055
125.05,141.85956
136.8,131.12106
134.55,132.70326
135.8,126.25748
123.29,131.46799
124.82999999999998,134.5479
130.13,124.906494
122.29999999999998,120.816345
120.81,129.40677
141.57,125.45402
131.07,129.39163
123.84,131.28944
123.32,126.427
120.20000000000002,129.241
117.39,120.89322
132.68,131.51222
129.75,128.62642
120.29000000000002,126.77177
113.59,144.1666
147.32,126.73798
146.45,154.07137
130.15,136.4966
112.66,125.64717
117.48999999999998,130.11067
127.12000000000002,129.16614
137.79,133.28188
131.64,135.76163
128.51,129.50807
136.43,135.03304
143.34,120.69177
126.18,123.96347
148.01,141.35336
138.79,129.26704
123.53,127.494064
139.63,136.11894
137.47,123.46047
121.05,131.0229
129.15,135.64075
122.78,126.17762
128.68,131.7315
140.97,127.92128
110.94,128.71486
142.29,133.58148
142.88,133.52194
139.73,138.26825
129.52,146.70538
114.99,121.538765
148.32,139.70271
125.31,124.12819
113.51,124.518936
134.21,135.18755
130.32,145.73552
113.68999999999998,129.29852
149.53,137.6161
227.48,151.95988
125.44,130.71957
152.51,141.7728
144.48,150.70212
144.72,137.41946
141.92,129.59506
143.69,135.1937
130.11,132.82048
116.83,121.68757
135.4,138.29753
171.4233333,137.86784
148.31,158.28244
122.58,132.12262
145.18,130.61649
117.87,123.23553
140.09,137.86836
130.22,133.33209
145.25,145.81482
157.92,132.76283
136.85,134.97444
122.22000000000001,129.52345
141.02,124.76077
143.42,146.05084
123.22999999999999,127.1862
121.80000000000001,122.18858
143.12,146.24483
126.63,134.02023
160.63,153.87949
122.29999999999998,123.19401
126.89,123.91161
121.94,127.34084
120.69,129.3559
120.75,124.79014
144.72,131.80865
156.50999999999996,141.56367
125.33999999999999,133.04778
138.58,131.94583
129.42,136.50484
144.91,132.36719
160.97,134.6796
140.61,139.49245
136.6,133.19653
126.07,124.991196
123.45,135.80034
128.27,140.093
123.67,126.34785
135.9,145.3923
167.39,164.98936
124.74999999999999,137.57538
131.17,130.56935
123.84,131.1382
117.93,134.57364
155.31,140.5577
116.05999999999999,122.49177
169.41,159.43294
119.72,125.15893
140.59,140.4575
137.44,141.13332
130.27,135.76712
127.44,137.70695
133.71,137.67232
176.23,162.27579
114.58,122.3391
125.92,126.06126
140.53,141.3588
143.41,130.38971
128.53,129.8759
128.87,130.0589
131.64,129.76845
132.77,130.3808
149.38,137.8719
118.71,123.90896
131.49,132.64114
117.31999999999998,124.41162
128.17,132.33472
127.44,136.0851
173.40000000000003,137.15813
153.73,139.60849
125.94,137.92322
121.33,123.06264
166.74,130.56094
134.76,133.08855
138.63,130.07619
143.49,137.53139
144.24,128.93152
132.91,126.52701
117.04,124.19135
128.37,129.46642
129.55,126.34673
113.57,139.01675
121.27,135.3105
128.07,134.03018
131.17,130.29811
134.28,129.72571
142.54,134.88205
119.29,129.19862
129.33,133.0465
129.22,125.16954
133.59,127.52282
124.85,122.61259
123.95,123.294716
144.33,132.38551
133.53,122.074
134.37,135.69547
128.38,124.29998
129.61,128.16002
150.93999999999997,136.55867
119.2,132.44426
155.09,134.35239
150.77999999999997,142.9003
130.76,132.56975
134.19,123.72114
125.49,125.39079
125.02,120.98841
122.37999999999998,128.92314
116.172,126.96438
118.15,122.39525
121.6,121.65611
147.88,130.7237
173.44,125.901566
152.52,146.21082
142.56,130.27109
152.19,141.45738
143.62,129.89677
128.76,140.19946
132.66,133.82155
136.55,141.7993
115.33,131.84811
133.28,129.28539
143.03,140.63106
129.29,131.8457
139.79,135.22649
136.51,132.48195
130.75,133.28151
140.27,138.75249
134.64,140.30595
135.4,135.73439
121.15,129.07408
151.57,131.21506
145.99,131.64696
128.01,130.77051
133.33,130.38692
133.61,130.9639
121.4,129.60718
133.05,130.76234
161.22,149.58774
137.1,139.86877
136.24,146.47527
137.51,130.8784
134.87,131.8574
161.98,145.16779
116.88,120.80132
118.58,125.309425
128.75,124.12422
118.33999999999999,124.764366
135.79,142.34448
117.77,125.57943
147.32,130.53049
122.43,125.37254
130.33,126.64811
138.95,123.52463
120.85,127.87835
155.49999999999997,131.07256
144.89,142.15747
135.19,136.07805
145.08,130.54242
122.61,122.73867
133.48,145.92653
127.84,126.99648
127.52,126.448906
211.84,148.07881
124.31999999999998,131.05357
123.2,122.69093
135.91,134.27655
131.32,126.376625
117.89,128.27011
131.32,129.37766
144.91,131.04422
146.0,125.87127
157.6,154.01294
134.29,135.23868
127.53999999999999,127.77606
136.2,132.20609
116.84,126.85316
125.08,123.34438
113.21,121.003426
144.94,132.23488
110.42,126.78074
115.96,126.66481
132.38,138.03323
111.1,123.58457
142.62,123.83801
134.34,138.58029
114.43,122.34256
164.21,143.52014
133.35,133.29921
169.53,133.7206
142.62,138.13924
132.44,130.05849
130.42,133.22064
128.8,130.97287
126.51,145.51865
153.56,141.04713
138.75,140.15675
122.43,126.87371
142.96,139.86523
137.85,139.97273
140.61,140.25066
133.09,126.56584
160.02,141.45874
125.39,125.48969
140.77,157.3765
141.85,133.34404
144.12,142.91049
146.98,141.25357
145.51,139.297
122.83,143.45415
128.99,127.74822
133.41,134.31828
134.74,133.4776
125.24,129.6644
130.22,124.26478
125.32,125.32364
143.01,142.55923
124.9,139.20383
139.6,125.912865
155.05,145.12668
137.29,129.32074
152.59,137.5624
161.17,147.59483
121.11,123.52789
138.69,127.45255
114.35,126.34816
169.32,155.84828
116.05,123.68347
126.67,127.50841
118.91,125.060104
141.13,138.34816
128.91,122.990875
109.40000000000002,126.34263
127.87,124.01372
125.77,129.28561
138.65,143.48087
128.27,123.82223
127.9,139.7803
139.8,137.32425
131.84,139.82843
123.05999999999999,127.47136
130.86,138.03249
136.76,128.90134
145.15,133.31116
132.84,150.35081
121.22,123.55603
129.48,132.49957
138.75,128.23709
144.18,142.67026
131.62,139.12767
123.3,128.98471
147.82,136.47511
120.05,126.976715
143.89,141.06955
128.7,127.49901
132.29,132.9331
142.17,137.66849
125.11,129.34254
135.12,132.53653
129.41,127.83617
131.77,132.76523
132.59,134.93758
125.74,127.99094
118.11,126.08574
134.67,126.48212
118.39,126.278854
130.22,127.47211
121.99,133.82965
133.3,128.18773
157.65,131.30751
123.83,126.08556
141.16,138.39262
134.21,131.87848
121.5,127.78972
140.11,129.92543
131.17,131.21313
132.73,133.90834
128.29,123.99268
141.61,137.7883
135.69,134.33878
127.88,127.89127
147.23,129.51898
125.94,129.6651
129.02,137.5696
136.33,135.87515
165.79999999999998,124.62173
134.69,127.01202
136.49,135.53543
124.40999999999998,132.26715
138.97,139.97334
153.67,128.83026
121.97000000000001,126.15908
128.04,142.75789
131.07,129.41017
121.73,132.73708
154.12,137.51599
154.32999999999998,134.77684
132.69,123.79796
122.73000000000002,122.585846
138.96,135.53152
130.93,133.82544
148.53,129.43773
138.42,131.54248
120.37000000000002,123.26545
114.07,128.89618
132.34,130.58475
123.14,125.767044
129.72,127.59744
120.84,123.60792
129.82,126.34633
158.77,137.14546
124.04,125.427155
127.86,127.571846
135.67,139.83185
128.4,132.95361
149.0,136.897
133.9,127.94824
115.32,120.035866
146.51,139.91962
127.67,133.46562
120.5,122.38433
129.01,123.95521
126.79,127.625786
132.8,132.43857
138.99,128.33067
145.05,130.33594
146.39,137.33147
118.99,121.515114
133.69,139.61201
123.49500000000002,123.12435
148.29,123.49717
128.76,129.93436
146.61,128.98988
130.33,139.67876
139.49,128.77731
126.06,136.51158
155.9,133.90938
109.84,122.40518
130.34,139.10338
129.11,133.886
127.9,129.85306
135.51,143.94778
131.1,127.18034
165.29000000000002,140.44463
144.31,143.87067
139.31,150.33287
153.64999999999998,145.63844
175.56,131.1227
169.29,153.21509
162.66,137.18097
138.16,129.56442
115.37,127.35666
115.78,126.26144
107.47,127.335724
174.88,142.985
128.19,128.98506
139.95,127.68727
133.3,128.78743
128.7,130.02075
120.76,128.47298
114.02,126.97509
150.80000000000004,139.98875
129.83,132.75243
151.22,147.10309
129.9,124.86066
125.85,130.36884
150.315,131.55869
133.78,131.2354
127.43,134.82869
124.91,146.35924
143.76,150.18999
122.8,125.40732
158.72000000000003,135.7717
149.2,132.02882
151.21,143.36446
116.96,125.2974
126.83,134.32875
122.46,134.38284
126.65,134.87457
128.24,130.23798
143.87,126.33956
134.46,124.19096
116.83,130.14915
130.02,143.97194
120.57,123.18628
142.11,131.20856
123.43,126.698586
137.33,122.286354
135.6825,142.35338
134.79,129.86511
132.14,127.87344
134.78,128.97832
118.95,124.80847
143.62,130.6433
133.08,135.6727
150.18,124.764175
141.46,136.11664
151.4,151.4025
144.32,131.57559
126.68,136.67085
151.27,142.57933
134.21,125.33291
116.55,126.80746
133.16,130.69913
121.94,139.4512
143.98,139.53143
114.43,120.8161
118.07999999999998,126.06101
116.848,127.559074
140.91,131.17975
146.16,124.27808
119.42,140.75182
134.38,127.639824
126.52000000000001,138.95416
133.46,123.08022
126.65,140.64207
127.97,140.17276
116.71,122.6702
123.01,122.39366
114.64,124.35826
149.38,141.93654
135.37,137.36217
123.5,127.12213
118.5,129.06874
142.91,125.93238
132.84,130.4183
114.89,123.172745
154.47,137.5878
118.50999999999999,124.71492
154.43,131.19658
119.89,129.26118
131.84,134.85478
192.0,160.0218
166.67,137.00223
127.96,127.77362
129.97,127.59336
115.6,127.5001
128.88,135.59648
140.12,132.43332
125.54,130.26903
141.34,132.32187
154.32999999999998,127.01265
136.98,134.41145
169.46,130.49847
119.498,124.84264
116.47,125.64173
168.96,129.02806
110.84,122.95004
141.07,132.07748
145.37,132.8472
129.09,137.12788
131.33,129.52414
105.35,118.55744
108.52,122.23442
119.60000000000001,135.37842
162.74,128.75626
111.87,123.05871
134.34,124.28203
132.51,129.30836
149.31,137.61919
149.07,133.27454
145.31,128.0451
118.22,126.75104
120.75,122.981575
120.61999999999999,128.4024
112.63,127.36552
132.23,131.31728
139.93,128.41241
179.9,132.76637
122.66,128.82085
133.54,129.2508
144.26,132.83998
132.63,128.8393
138.22,137.84315
144.51,142.20012
136.28,151.7263
112.89,127.85854
132.34,134.14381
120.44999999999999,129.19322
120.24,122.702644
135.18,130.77092
129.35,129.85
116.33,134.99747
127.27999999999999,137.5927
132.61,126.75606
158.09,147.00458
122.40000000000002,125.57879
139.95,123.22192
153.92,149.81247
126.03,126.16523
127.86,130.92114
128.77,126.87082
132.85,130.10571
139.86,150.41852
165.53,152.47273
131.27,149.17616
127.93,128.74501
126.32,131.44728
134.29,137.07347
120.33,124.600586
140.5,137.89589
122.1,125.239006
139.83,141.07182
180.38,134.19368
113.09,127.01743
127.52,141.88167
160.42,139.55922
127.19999999999999,132.90846
124.16000000000001,124.198006
143.56,140.69633
150.57,129.9151
159.84,136.7647
138.02,132.49825
162.42999999999998,148.81296
153.88,142.21945
136.19,133.96075
154.06,150.29694
131.13,129.55962
118.81,123.298904
119.49,131.22333
107.28999999999999,121.74743
168.76,131.22006
112.2,123.62637
119.14,127.124466
137.0,144.6722
109.77,125.43594
108.25,124.32243
120.23,129.5009
118.49,126.025566
124.51,136.2563
129.54,140.86713
141.56,134.00436
135.61,145.22867
120.55,137.61987
135.39,137.90263
163.56,137.0837
135.44,131.52715
127.51,124.542946
132.92,124.159805
121.54,127.36764
135.2,130.18016
121.2,126.55089
120.48,131.88734
135.29,128.32796
140.86,139.77196
137.42,136.94861
154.95,140.01422
128.59,127.74157
123.89666670000001,123.050446
106.34,124.303154
125.605,125.3691
126.89,128.67929
140.15,129.8929
146.61,133.15942
140.93,139.94678
154.55,133.47974
148.01,147.54446
114.44,121.788155
145.08,129.93022
148.69,134.56339
137.55,135.10251
141.1,143.64883
116.43,126.50378
136.58,133.0988
113.94999999999999,128.30313
130.72,128.00359
125.71,138.52242
123.8,134.52867
120.15,126.748726
132.3,129.29855
137.51,133.91216
137.5,131.79697
118.37,123.13736
137.68,134.49585
142.86,130.6124
139.04,138.4268
127.13,132.17702
131.92,138.11586
132.35,128.30147
121.13,128.54613
140.62,136.11346
135.59,134.97911
145.12,135.0624
131.59,134.3732
137.45,127.91044
142.51,140.5474
144.76,143.84235
130.48,127.33306
164.45000000000002,140.6328
135.06,127.622734
120.37000000000002,125.968056
125.12,130.09833
132.98,138.56787
127.19,140.2716
172.22000000000003,132.3379
135.6,143.91046
133.94,134.54121
120.8513793,125.8111
119.14,120.52549
144.8,129.49005
140.56,141.50421
117.90999999999998,124.78584
129.45,138.43776
137.01,132.49356
117.46,123.75542
110.06,127.10956
123.58,128.73917
113.33,133.54938
128.4,139.99107
128.01,128.21
131.67,125.722206
140.69,136.21135
139.12,131.62442
115.98000000000002,128.84534
135.67,143.71707
122.07,128.03055
139.98,139.84915
140.6,157.85373
138.59,148.80005
137.3,126.55576
133.67,135.27916
144.59,145.4294
134.52,137.30614
118.33,126.41884
133.32,133.48854
156.74,136.78561
127.68,126.54191
126.22,124.787315
119.67,119.131454
136.84,128.79588
139.43,135.9294
131.61,132.02449
129.74,135.24504
124.77,135.16492
145.0,137.14986
156.61,142.2136
194.22,161.04665
127.44999999999999,131.31148
130.52,135.12843
138.95,138.14891
132.27,127.700096
124.47,129.0107
170.15,145.00624
131.12,138.5919
135.89,139.64807
148.56,150.83087
136.48,136.67041
140.46,127.60984
128.66,129.2837
118.49,125.27237
136.56,138.15811
128.12,131.40936
140.4,131.61143
153.14000000000001,121.750534
159.82,133.05646
127.87,144.04842
115.41,121.139206
132.01,132.00876
142.07,132.59647
133.58,134.43665
146.86,124.985275
131.72,132.71439
121.27,122.581665
156.92,134.78082
137.57,125.53149
124.03,125.76652
138.14,127.506905
125.06,126.60942
120.54000000000002,126.31821
140.57,126.34317
119.56,131.84099
137.37,141.03484
119.71,123.12997
129.86,133.59535
165.98,137.52534
130.52,126.833916
156.75,130.9789
161.59000000000003,139.14989
138.75,134.62103
137.2,135.53156
125.11,137.24055
130.28,129.59872
114.94,122.26647
132.24,122.18913
148.51,146.93517
123.84,127.67447
137.38,128.23758
123.79,128.12384
128.87,125.29277
117.27,122.621086
129.65,132.54996
152.02,135.11226
125.67,130.52525
150.17,125.20574
138.73,136.84068
124.31,131.54742
139.11,133.31871
121.0530303,124.16966
150.77,142.20181
133.71,126.757385
126.89,126.14871
115.39000000000001,123.6364
123.67,128.28181
139.47,135.7686
113.26,126.84267
143.86,133.88095
122.39000000000001,129.17288
107.87,123.27164
121.63000000000001,125.69608
151.9,150.72467
129.12,130.9564
134.81,125.73742
132.56,145.22537
109.76,120.93362
131.36,136.48456
132.86,136.39737
149.64,145.05853
125.52,134.41713
129.24,130.45331
133.44,134.79724
140.31,133.11327
141.91,129.27507
127.75,146.0383
123.45,120.25363
144.22,127.584595
133.71,135.98672
132.13,128.44574
121.66,140.9526
128.16,123.87884
121.2,126.1313
121.15,124.56856
130.61,132.95363
122.53,126.55058
121.6,126.68527
216.28,158.61143
132.29,135.75185
121.91,123.560814
122.93,124.259964
115.54999999999998,127.78089
112.25,128.25327
117.90999999999998,133.8988
131.19,128.57916
127.19,137.82797
131.66,139.39285
134.8,133.63893
226.12,150.10695
134.11,143.41866
164.54,139.78842
125.16999999999999,129.76828
138.89,128.21951
145.05,147.07951
165.03,140.27591
111.35,123.61991
111.27,121.871185
166.14,151.53003
138.84,126.17773
167.18,132.9216
143.32,136.59186
132.56,135.95026
143.5,127.35165
124.01,124.98281
120.98,137.76274
128.01,135.7402
137.75,142.88033
142.07,137.37527
149.92,143.65247
140.02,130.41252
138.45,125.31788
128.45,123.7495
127.59,135.73973
126.37,143.24055
140.02,132.42122
110.22,124.762924
130.38,135.4996
137.24,135.63976
119.4833333,140.4021
140.39,137.31982
149.35,129.99477
159.07,142.43477
131.58,128.95271
138.11,126.916534
124.21,130.53847
112.97,123.74841
119.9,136.39708
139.86,144.02692
123.68,124.95246
129.03,131.77364
140.85,134.17368
126.63,139.95064
136.82,134.41418
127.78999999999999,132.81978
134.68,124.3186
133.23,125.011765
122.39000000000001,129.0724
139.7,130.21263
119.44,127.78661
149.17,150.08308
162.67,133.7708
111.29,119.52929
156.25,146.52753
137.66,136.58794
117.86,122.72969
152.07,133.6119
137.47,133.2692
144.79,119.96797
126.27000000000001,124.96123
126.53000000000002,126.824745
141.01,149.49998
127.44999999999999,135.57956
143.77,140.66125
137.78,130.06053
122.67,139.97878
132.37,133.6489
125.31,132.41833
129.5,126.50673
128.92,143.21336
136.76,130.69719
126.55,128.05548
146.04,130.98418
178.18,138.01694
136.45,139.6232
111.43000000000002,125.91791
144.19,129.8877
135.39,143.03981
107.35,124.89482
143.84,129.96562
122.26,151.05554
128.37,132.32689
132.93,125.66922
143.09,136.90352
150.93999999999997,136.66298
134.25,137.01733
131.98,131.04091
139.88,136.67365
134.19,137.15843
134.47,127.838974
125.6,124.50849
120.61999999999999,140.72328
124.8,126.767815
128.2,132.30771
119.4,124.71425
132.76,124.41666
138.61,134.29335
129.61,135.36252
122.99,125.00215
121.72,126.88901
148.63,139.2059
131.61,127.83897
133.29,141.49986
124.44,134.27356
150.89,137.24449
136.55,123.98623
137.09,131.60478
146.53,128.81757
145.02,129.65706
110.56999999999998,122.10172
146.59,141.95674
148.23,151.05374
128.75,126.020706
147.45,129.7552
169.93,149.98106
133.27,135.84828
116.14999999999999,127.87712
113.05,125.917206
137.77,143.82825
129.97,136.58037
127.4,129.91168
150.47,129.42596
137.38,140.53346
118.56,124.08064
135.23,129.47453
110.65,125.51876
141.13,145.96268
123.535,124.9623
132.14,125.96747
130.56,127.234116
152.35,132.08162
135.98,145.64655
125.6,124.12868
139.66,134.49077
122.41,126.97446
137.03,139.79698
127.44999999999999,127.09747
135.56,135.87158
125.97,128.79518
162.3,146.4087
132.65,131.95122
130.67,129.49838
115.76,127.09082
140.19,129.51305
127.59,126.84827
139.03,133.7033
152.66,126.763695
140.4,129.76488
136.51,130.67621
117.08,123.13871
159.81,134.95282
136.59,140.0752
132.9,131.26381
120.76,122.456154
128.33,135.76913
139.89,136.68301
139.24,140.99684
115.93,127.875114
152.54,132.38608
133.78,128.72331
140.14,148.74295
132.02,127.76
123.76,126.265236
174.88,146.89816
121.67,133.1388
129.25,123.05481
158.36999999999998,151.18813
125.21,123.61079
134.15,134.11433
125.2,134.20119
112.9161538,123.97434
125.04,143.45303
118.73,142.80377
144.16,133.17516
133.07,130.7113
128.44,130.43564
136.66,134.16484
146.87,128.91788
133.93,137.2372
141.55,144.67441
115.34,125.35465
112.43,124.48075
124.67000000000002,130.62239
139.21,152.54991
139.08,147.50313
118.44,125.18235
150.74,131.72447
156.03,137.23131
134.91,137.41376
140.07,129.5481
127.21,124.500015
169.89,136.84943
145.15,141.7408
156.5,135.70424
143.29,148.13124
127.10999999999999,126.97945
128.05,125.32261
144.9,140.63368
142.47,132.24728
145.44,145.34286
129.59,143.12395
131.98,129.14415
128.67,133.56326
131.48,141.1822
132.0,130.69681
134.13,132.437
132.11,137.3222
148.44,136.71826
120.42,132.02533
120.56,124.13309
141.97,138.8124
143.13,142.854
141.37,131.79247
148.9,129.7649
131.94,134.05022
143.56,138.17146
117.01,124.79381
136.64,125.21589
108.21000000000001,120.84968
142.25,133.73291
136.85,137.83406
131.59,132.79475
136.1,145.04822
152.08,149.15897
120.72,127.59902
132.5,138.94366
158.39,140.17725
141.115,134.07426
154.50000000000003,141.32877
133.5,137.06764
144.69,136.27477
125.24,127.14084
126.01,120.76445
134.85,140.30687
135.41,133.84984
105.44,120.06332
120.09,127.85637
135.65,140.97415
131.41,129.06601
140.85,119.86103
131.71,133.04555
127.92,133.10742
131.18,137.28223
139.84,131.2561
134.42,130.77469
134.22,132.63902
132.91,138.9401
149.67,131.94849
129.1,128.5696
147.91,134.17586
130.73,138.50702
157.08,143.05276
171.01,156.1485
141.81,129.2298
123.21,132.99356
146.58,135.1457
135.9,129.38414
128.74,124.23315
139.48,140.28694
127.61999999999999,131.57776
140.45,128.15593
131.01,145.25426
143.54,143.33853
241.02,141.80159
140.97,131.0619
130.95,144.67545
121.98,125.54389
153.22,135.16385
131.72,128.61584
135.92,139.79253
140.96,124.17954
115.84,125.92462
120.07,130.27147
136.4,133.59189
124.04,125.6605
141.81,135.69455
138.28,128.29814
142.77,132.68408
126.05,132.33514
122.77,124.84684
120.52999999999999,124.83805
117.39,123.38586
147.79,130.45512
108.84,125.29425
124.69,137.16322
122.75,125.295425
127.9,124.46417
142.86,131.17847
147.85,132.01338
127.61,127.46902
141.91,133.20262
147.64,148.2596
145.91,131.35144
114.28999999999999,121.19121
124.3,121.85622
120.94,132.79681
144.76,138.62791
147.21,120.23514
132.29,129.0608
138.93,128.55896
135.62,130.48242
135.74,138.78264
172.15,140.20473
118.43000000000002,124.07647
143.57,154.63942
136.98,142.79645
166.28,127.851974
138.48,136.6241
125.74,129.56012
145.85,135.36209
141.5,132.26028
124.8681818,127.20074
147.94,130.55261
141.17,131.90285
132.68,140.34169
132.73,123.93896
132.8,133.65802
119.47,129.30017
139.99,133.19742
140.23,119.27537
121.29,135.66554
132.45,125.991135
127.29000000000002,123.95464
163.28000000000003,137.88316
123.03,125.66913
137.66,133.39253
145.36,131.41414
125.33999999999999,135.71194
112.51,124.62312
148.44,129.68956
133.36,128.26016
127.1,125.64875
123.99000000000001,128.91933
128.1,130.40935
128.28,142.20862
127.47,127.64576
131.51,128.44856
173.24000000000004,147.65991
160.18,133.29745
122.62,125.17212
129.76,126.51238
149.03,132.09904
136.01,132.54335
108.89000000000001,123.79201
151.49,126.55371
136.64,136.28664
131.08,126.34305
129.13,129.67139
112.22,124.59378
144.23,141.35764
137.59,134.40103
122.14000000000001,129.70418
129.61,129.15984
126.75,132.67963
116.88,123.57199
122.06,126.61982
107.64,121.2128
145.38,133.16768
119.62,146.25212
118.04,120.169495
118.31,123.67292
144.62,129.90714
133.96,135.08372
147.99,153.06932
107.26,120.845764
142.58,130.77882
128.55,131.15591
135.81,134.0435
172.03,131.34392
141.61,140.03215
144.2,150.49919
133.88,125.94566
119.79,133.12651
121.28,130.52641
128.58,148.97682
141.47,137.036
130.13,128.50754
131.3,136.3285
159.42,136.04166
136.13,128.52917
112.61,121.74516
125.81,128.86232
149.78,131.76144
117.46,122.05829
118.92999999999999,124.39517
142.5,127.433075
137.5,134.18959
112.85000000000001,132.5167
135.06,142.4403
123.94,129.02565
133.15,130.18295
165.56,139.04909
115.17,122.18071
152.67,132.77219
115.88,127.24256
126.53000000000002,141.09189
110.2,122.78969
125.87,122.17773
118.95,125.924324
159.17,131.0864
131.29,138.7102
126.28,125.83158
129.42,129.32503
125.48,135.50385
111.15,130.58989
126.95000000000002,129.3666
110.97,125.46241
143.52,133.88002
137.8,125.33403
127.6,139.22986
130.98,135.16003
120.93,124.85647
113.81,126.01926
132.31,127.52078
137.05,129.67902
149.57,132.83221
106.63,119.57054
143.01,125.60074
141.03,144.31161
136.91,150.16583
129.93,131.64684
131.56,136.0205
126.67,124.35851
152.62,134.38512
124.36,130.0178
126.58,131.60403
125.41,134.05913
135.06,126.770454
130.16,130.73778
127.88,124.23907
122.33,126.60833
123.05999999999999,127.14007
137.97,130.99274
115.09,127.21315
148.37,135.91447
113.88,121.72648
136.11,135.01636
121.22,124.91986
120.84,123.038025
138.88,135.7713
134.14,136.91164
138.59,133.15555
150.3,152.78795
143.25,146.43098
133.42,135.63649
137.07,139.07375
112.57,124.807335
170.27,131.90753
119.1,123.686005
137.49,141.222
125.52,128.71877
133.4,130.62613
135.92,139.91484
124.31,137.84393
151.09,147.39363
162.98,138.27287
145.72,145.97957
164.17,156.67934
114.36,123.639015
119.88,122.81106
133.9,140.59114
113.12,119.67288
114.03,131.28734
149.53,130.81259
111.75,120.5787
129.45,137.68686
147.91,136.08171
124.40999999999998,128.30415
131.49,135.52754
117.16000000000001,122.60664
122.19,123.00777
141.83,130.89066
148.93,138.25658
137.88,133.01526
147.86,130.42587
142.56,129.274
139.72,132.46397
138.3,130.77722
122.75,124.4292
149.28,137.89772
134.64,136.46855
113.6,132.0089
121.66,123.239685
131.13,130.08392
128.47,124.35608
126.64,135.77821
134.46,137.11243
131.08,128.35638
156.1,142.66704
112.66,126.176895
147.62,128.36166
124.19,139.5193
142.36,127.049034
144.15,128.13623
134.14,133.61786
141.92,132.69878
140.48,130.09877
143.34,139.78441
122.27,126.27451
145.86,124.62916
127.64,130.31456
113.29,124.16108
132.81,130.97937
104.6666667,118.7559
119.28,137.39613
137.48,128.9542
133.58,135.77734
130.17,130.78131
119.79,134.73605
144.32,150.8663
125.16999999999999,127.29285
139.79,128.11287
125.98,122.24058
123.38,125.81438
140.08,129.20102
135.33,136.29642
126.63,138.29059
115.32,127.88828
128.38,147.01671
121.02,128.99602
152.33,144.32489
134.82,137.8912
146.91,154.7794
128.33,126.67006
126.97,139.24065
152.13000000000002,133.30705
126.74,136.13957
157.68999999999997,140.29364
132.47,139.4297
118.05,122.30393
138.68,139.53262
140.68,129.57455
112.8015385,124.28052
111.15,128.33417
138.49,134.74902
110.03,123.49593
137.32,141.89029
128.04,125.690254
131.18,126.73225
154.19,139.50961
114.3,127.35738
160.62,143.38184
146.28,138.0435
120.6,131.53186
123.81,126.67604
125.50999999999999,128.20155
140.18,136.70387
104.52,123.633026
117.6,123.37464
144.93,137.10495
130.68,135.34772
123.85,138.16876
131.05,129.03554
127.22,127.63735
134.9,130.25987
114.75,129.18263
122.57,124.37428
129.11,131.3214
128.37,135.46953
129.09,127.93663
147.83,133.01482
135.59,126.77445
129.28,128.3696
162.5,145.69095
129.28,123.58625
125.7,124.071815
148.5,135.38406
156.34,156.15463
119.74,127.52293
111.00000000000001,126.24154
139.47,127.750656
134.21,133.8903
151.76,148.22292
127.0,133.65869
143.53,135.93546
134.06,130.17738
134.22,132.61931
111.75999999999999,129.29924
144.05,125.90415
123.57000000000001,133.59697
150.32,134.94644
131.09,130.01906
113.43999999999998,120.979
136.87,130.05676
122.62,117.5194
153.3,139.56519
123.22,133.68187
126.08,132.2543
136.46,131.27916
133.35,123.705345
116.52,124.0968
134.88,133.9302
122.5,126.75778
123.37,126.41149
113.58,123.295494
139.09,148.27759
138.49,131.11746
133.84,134.77135
118.98,132.8043
134.74,123.10926
150.46000000000004,134.86725
138.24,132.69002
111.96,125.75409
128.9,144.96095
114.79,121.96588
117.82,125.850784
130.12,121.845245
127.61999999999999,124.45096
134.53,132.75688
130.95,128.5325
125.67,130.20677
126.09,132.86397
127.99,137.18547
134.67,132.77786
135.81,136.53468
130.5,130.63863
137.04,135.6839
132.47,139.39508
161.3,146.27219
157.26,134.74944
149.57,132.04852
141.09,147.5208
129.54,130.44211
112.55,125.09726
160.76,134.87747
153.28,148.52957
166.28999999999996,135.70366
126.22,129.196
168.6,138.0314
134.33,129.39389
145.47,133.007
171.35,149.28035
139.77,132.51819
118.98,129.5895
137.33,128.88571
119.4055,123.9547
136.1,135.46436
134.21,142.05804
128.53,126.718735
143.7733333,136.3806
136.48,132.77719
110.01,127.56707
124.29,118.266685
144.81,132.54475
130.82,140.86942
160.05999999999997,140.31673
121.785,125.21597
132.2933333,131.36388
143.06,140.30461
142.12,128.64905
154.26,144.1525
142.09,136.06395
131.14,137.63503
167.63999999999996,129.51154
130.63,128.4493
122.63999999999999,129.46225
112.42,119.1418
154.22,119.75694
117.93,129.41747
117.31,123.240204
122.75,129.37616
119.71,125.94956
120.16,123.68878
128.68,120.92358
141.35,129.2084
135.09,138.93758
129.89,137.88193
145.71,140.04094
153.9,132.97386
135.43,138.96204
133.66,133.19762
128.73,148.92941
124.4322222,123.16004
124.81,130.37988
133.68,135.81061
143.47,148.60454
132.62,130.53963
141.16,129.734
160.73000000000002,140.58008
131.52,129.61848
141.95,125.98539
132.05,133.94572
150.27,129.34485
121.57,130.8425
126.46,134.51991
124.19,128.5512
133.84,137.13568
148.56,146.93704
131.91,142.35411
148.28,136.66829
126.19000000000001,131.65794
139.31,131.02109
109.77,124.7497
173.49,149.19592
125.12,138.67323
119.39,128.41063
120.56,132.79488
119.37,135.70543
134.77,136.59619
126.12,144.96387
131.54,127.95838
149.56,144.10445
140.89,141.77339
129.3,123.7964
152.96,150.17819
124.78,121.28237
156.01000000000002,142.01347
137.54,133.17879
119.79,134.10394
131.42,143.54604
132.16,127.6965
128.19,130.29144
120.47,123.87951
135.37,145.36937
129.59,133.67137
110.21,121.97117
127.01,132.28333
133.5,135.77815
144.53,138.44891
125.12,127.59609
119.79,125.79585
126.29,128.3509
133.98,148.77316
126.67,133.50937
111.52,123.48658
122.15,134.27065
134.77,129.37086
124.3,134.30446
129.14,124.182724
109.06000000000002,122.17295
126.48,127.828964
112.32,124.58861
112.82,127.27988
130.33,124.21936
114.05,125.114136
131.46,133.81047
138.26,141.99864
140.69,130.71216
145.44,136.73016
148.92,130.74765
133.05,144.9873
154.41,141.48613
132.72,133.49583
125.89,126.83447
123.51,142.07428
127.44999999999999,123.79282
121.49,123.168655
141.75,138.97073
146.672,135.47995
123.59,122.3003
164.76,136.04741
139.23,139.26016
122.16,128.08391
121.08,136.7166
149.41,125.40508
140.34,138.63988
169.14,151.73915
134.38,138.91376
128.32,130.67117
122.54999999999998,127.53027
138.07,136.0638
140.04,141.05092
134.62,125.78508
125.56,139.2618
130.02,134.01833
133.22,137.28352
147.53,142.79547
126.37,135.26103
135.74,127.027985
134.07,135.63988
154.71,140.53003
141.96,134.67218
126.67,127.16497
134.11,137.37753
137.38,136.01964
136.76,131.9775
152.18,140.1073
133.45,125.021706
131.03,134.0479
123.47,132.14064
119.52000000000001,131.0897
185.54000000000002,132.22252
103.8281818,118.18696
135.67,132.5557
132.83,138.08188
142.31,139.40608
185.97,132.33035
139.32,138.76797
134.16,128.19652
137.7,136.87604
138.03,133.32155
146.37,130.46663
146.89,128.25763
125.52,135.32988
128.36,130.30614
141.6,132.79472
127.4,127.32095
141.49,139.72357
154.34000000000003,127.482895
140.05,138.69135
136.89,132.73225
127.01999999999998,127.33271
133.07,134.63376
131.33,131.52101
149.16,151.58282
139.54,139.8424
149.2,144.01144
125.75,128.56804
121.44,124.3874
133.68,134.4796
141.35,134.5622
133.77,128.19894
111.66,127.873955
117.61,122.207535
130.4,125.061874
134.15,132.10823
135.42,127.33174
126.76999999999998,142.55658
128.91,136.59103
141.88,131.798
116.39,125.63141
149.5,139.88846
125.65,138.82603
121.5,126.10132
140.41,137.50258
119.18,127.78416
163.25,146.6282
134.78,131.5744
143.88,154.279
159.40000000000003,125.49968
140.8,140.03302
140.66,130.096
140.03,127.20608
134.63,128.84914
142.45,132.01143
131.38,133.23505
128.8328571,132.35104
125.47,123.973495
118.62,126.70733
132.68,127.74614
124.0,131.34395
129.76,130.43806
110.47,124.54125
117.38,133.36928
128.65,131.69981
136.72,129.93718
125.19,132.49307
134.12,130.89641
132.19,133.75243
148.33,139.57758
150.49,136.45859
131.49,133.29686
138.84,127.62324
129.25,138.84944
135.12,139.86333
125.67999999999999,136.857
137.92,146.15224
120.26999999999998,143.63264
136.06,136.34738
130.53,127.29629
147.11,144.82584
134.57,129.37404
122.53,134.82545
130.55,128.23238
126.84,130.7798
150.57,135.8908
129.68,142.40987
142.6966667,127.42872
141.18,134.0858
146.66,139.28406
125.2,136.33484
126.83,125.250656
121.9,126.190285
117.56,126.86455
135.24,136.23737
137.49,131.1383
131.45,134.24315
122.8585714,125.64908
127.21,129.5321
156.43,130.4421
124.3,128.03883
154.78,133.56999
148.9,136.47308
140.47,132.03964
118.5,129.0733
125.41,128.15227
130.97,135.83363
138.17,136.54854
160.14,157.59036
125.96,140.41763
129.4,139.58223
135.41,129.81367
111.83,124.35347
149.3,130.35368
120.71,127.82386
146.44,133.60573
126.27000000000001,131.43753
102.85,122.67533
122.54,132.10406
114.1,123.56768
129.31,133.06984
125.42999999999999,128.36215
156.93,143.78717
118.94,138.49347
168.27,138.09453
126.99,129.19115
148.06,125.238945
134.26,128.6708
135.81,138.85439
131.87,129.18639
136.58,130.12874
132.64,132.83559
112.33,124.347534
133.35,127.04873
133.31,134.87239
186.64,136.83792
125.94,130.88295
130.02,136.89116
105.73,118.929726
127.46,132.61606
129.12,123.9301
117.09,129.81825
129.4,135.13147
155.74,138.2027
136.44,127.99396
113.02000000000001,123.03886
123.82000000000001,121.918365
149.98,138.83325
127.49,134.84912
170.12,149.80225
118.02,124.93759
111.36,129.21143
140.04,128.26883
112.36,123.25114
121.95,124.677414
126.27000000000001,128.29424
154.22,138.39435
141.55,140.15997
148.87,146.64525
115.12,126.657585
114.74,122.50656
112.8309524,126.07602
114.46,127.99992
136.78,131.9468
152.71,134.56268
131.51,127.378494
123.94,124.130714
125.32,137.02505
128.58,136.58708
121.43,128.2969
146.81,134.21675
135.76,134.7681
111.71,127.28448
141.48,136.85065
134.57,131.97769
129.04,129.84448
120.57,129.00185
125.72,126.3429
124.67000000000002,131.93929
115.52,127.81555
158.38000000000002,141.03058
158.39,128.68925
137.8,135.46227
120.78,130.29144
128.43,127.99296
120.84,131.87703
134.22,129.45003
135.08,134.81657
127.0,133.67122
134.39,131.28412
153.7933333,132.56601
152.55,129.3732
142.7,128.01031
134.59,129.3554
135.76,138.71286
113.28000000000002,125.268776
170.12,129.81499
130.78,139.35658
120.26,125.804016
121.41,125.75482
127.95,128.50241
130.81,124.6773
116.57,132.51106
135.82,131.72453
122.85,129.15495
140.47,136.6114
145.4,135.87927
130.69,128.65547
134.9,129.81293
116.63,123.26065
142.83,134.76369
135.15,134.2088
121.73,135.5884
131.67,135.18326
130.22,124.70922
145.95,126.28532
147.87,136.45975
153.71,138.41661
130.79,126.76957
136.98,135.6738
124.17,128.95592
113.13,127.45024
124.14,122.23802
146.51,137.79366
112.19,125.80675
125.89,141.46144
123.96,134.46843
139.89,137.36511
132.27,133.9208
144.5,133.22105
124.69,118.25884
129.77,137.164
139.02,143.82579
154.54,135.19873
145.13,135.6517
155.59,148.11224
123.27,129.88844
131.92,132.33653
127.4,141.8228
138.47,134.35576
150.97,139.4933
131.18,131.32315
157.05,136.9631
126.62,128.44235
132.1,139.04543
130.29,128.20604
151.08,130.25992
125.16,122.93353
119.7,122.65134
176.38,157.97374
132.35,129.80211
131.9,129.95412
125.39,120.65822
141.9,136.64426
140.34,136.0064
140.15,131.51186
139.73,130.51706
132.07,130.48363
133.18,122.06671
137.56,129.9445
128.49,129.75632
120.72,123.18086
170.25,143.49794
126.88,134.87741
168.99,129.40746
135.53,136.03944
132.61,132.67041
132.91,136.94104
138.61,129.74547
120.91,125.88314
127.06,126.889824
137.26,130.70074
129.35,129.30515
122.78,140.70284
155.26,127.6573
141.23,159.22891
118.21,139.36324
174.42,143.63797
119.36,132.12785
135.52,132.01297
158.47,134.14145
137.82,128.08215
130.63,141.55438
140.4,149.88394
178.44,159.1737
132.66,132.48643
120.48,134.90868
130.65,132.06941
120.88,129.36063
182.54,146.21207
142.0,138.47125
133.98,132.87529
136.54,133.67316
133.35,138.21466
145.39,134.33932
106.97,119.77905
125.83,133.78745
117.50000000000001,130.07092
134.36,132.26022
136.26,139.47163
132.77,132.33324
142.1566667,137.13959
125.59,126.759476
145.02,142.66457
133.87,122.01669
136.8,132.66275
151.85,151.76009
107.49,121.1
128.4,131.88657
125.66,134.48347
143.05,130.5516
128.73,124.517235
119.91,118.442
131.99,132.44592
119.9,125.04101
122.07,126.18868
134.1,135.16238
127.66,136.23143
130.31,130.4092
158.33,145.55588
142.85,137.99094
136.3,131.39986
137.49,133.8408
133.73,137.61029
136.18,136.48297
138.45,130.75728
136.66,128.87004
153.82999999999998,129.32814
142.89,147.02141
151.84,122.59477
124.11,126.2699
140.01,139.42046
134.41,134.29758
123.42,127.480415
123.58,130.36263
182.1,134.77498
112.07,121.99589
131.35,130.05545
146.27,143.9743
130.1,128.28389
126.42,127.65858
125.1,128.07335
135.59,148.73004
144.04,131.36758
130.25,127.55539
151.24,133.46686
120.78999999999999,125.14562
128.91,137.73343
154.2,132.85019
122.03,128.76308
112.94000000000001,122.61054
139.47,141.58545
122.31000000000002,130.59523
155.77,136.45001
124.47,126.70478
149.12,130.78683
123.34,122.9191
140.15,130.95215
125.64,133.78711
118.18000000000002,123.56132
126.56,133.76668
124.54,122.458405
122.14000000000001,125.02032
142.46,137.39592
150.93999999999997,139.09027
124.13,128.2087
142.17,127.49044
144.85,124.82603
150.1,132.91486
125.67,138.26744
147.97,136.5116
143.78,135.32924
117.42,124.823875
118.33999999999999,126.76162
140.86,141.5084
120.01999999999998,127.41658
121.97000000000001,121.22971
127.6,126.15289
136.3206667,122.98535
141.38,130.56874
140.95,133.57243
136.96,136.94861
127.96,143.44276
128.88,137.73279
123.39,126.89089
126.44000000000001,133.32303
146.1,126.31429
174.52,141.00337
134.795,124.28409
134.65,127.82969
126.59,130.37125
125.45,148.5331
136.3,128.49702
118.48,139.3398
131.61,127.72212
118.50999999999999,123.76118
128.95,126.756226
142.96,137.84233
